fdat,FR0,FR1,FR2,FR3,FR4,CPI10mn,CPI10mntr,dCPI10mn,CPI10md,CPI10q25,CPI10q75,CPI10Cmn,CPI10Cmntr,CPI10Cmd,dCPI10Cmn,dCPI10Cmd,rhob,rat1,rat2,FR0shift,FR0shift_2
1981-10-01,,,,,,,,,,,,,,,,,,,,,
1982-01-01,-2.7777777777777772,-2.3333333333333335,-1.5333333333333332,-1.2833333333333334,-1.9000000000000001,,,,,,,,,,,,,,,,
1982-04-01,-2.6571428571428575,-2.7666666666666666,-1.0333333333333334,-0.6523809523809524,-0.8380952380952381,,,,,,,,,,,,,,,,
1982-07-01,2.166666666666666,2.1722222222222225,0.38333333333333325,0.3666666666666665,0.6444444444444444,,,,,,,,,,,,,,,,
1982-10-01,-0.22000000000000014,-1.5999999999999999,-0.9049999999999997,-0.45,-0.41500000000000004,,,,,,,,,,,,,,,,
1983-01-01,-2.43125,-2.6437500000000003,-1.3812499999999999,-1.00625,-0.8562500000000002,,,,,,,,,,,,,,,,
1983-04-01,-2.768181818181818,-0.4454545454545455,-0.054545454545454605,-0.022727272727272638,-0.17727272727272736,,,,,,,,,,,,,,,,
1983-07-01,0.24444444444444458,-0.30000000000000004,-0.11111111111111106,-0.1611111111111111,-0.12222222222222226,,,,,,,,,,,,,,,,
1983-10-01,-0.00999999999999992,0.05499999999999994,0.07999999999999996,-0.1,-0.075,,,,,,,,,,,,,,,,
1984-01-01,-1.06,-0.7333333333333331,-0.3133333333333333,-0.09333333333333335,-0.3266666666666667,,,,,,,,,,,,,,,,
1984-04-01,0.388888888888889,-0.022222222222222292,-0.04444444444444443,0.23333333333333353,0.4111111111111112,,,,,,,,,,,,,,,,
1984-07-01,-0.7166666666666666,-1.2166666666666663,-0.7722222222222223,-0.5833333333333334,-0.5833333333333334,,,,,,,,,,,,,,,,
1984-10-01,-0.07692307692307689,-0.7538461538461539,-0.7923076923076923,-0.9384615384615386,-0.8461538461538461,,,,,,,,,,,,,,,,
1985-01-01,-0.7846153846153846,-0.9846153846153847,-0.7,-0.6307692307692307,-0.6615384615384615,,,,,,,,,,,,,,,,
1985-04-01,-0.19999999999999993,0.32000000000000006,0.05333333333333332,-0.006666666666666584,-0.07999999999999992,,,,,,,,,,,,,,,,
1985-07-01,0.012500000000000094,-0.7187499999999998,-0.45624999999999993,-0.26249999999999996,-0.17499999999999996,,,,,,,,,,,,,,,,
1985-10-01,-0.8578947368421052,-0.6105263157894737,-0.6157894736842104,-0.5947368421052632,-0.4421052631578948,,,,,,,,,,,,,,,,
1986-01-01,0.794736842105263,-0.531578947368421,-0.6736842105263158,-0.4736842105263159,-0.26842105263157895,,,,,,,,,,,,,,,,
1986-04-01,-1.4400000000000002,-3.3400000000000003,-1.06,-0.6400000000000001,-0.6066666666666668,,,,,,,,,,,,,,,,
1986-07-01,0.02142857142857137,0.32857142857142857,-0.21428571428571422,-0.42142857142857154,-0.2,,,,,,,,,,,,,,,,
1986-10-01,-0.014285714285714204,-0.09285714285714278,-0.06428571428571425,-0.07142857142857142,-0.04999999999999998,,,,,,,,,,,,,,,,
1987-01-01,-0.26923076923076933,0.25384615384615394,0.2153846153846154,0.21538461538461545,0.22307692307692314,,,,,,,,,,,,,,,,
1987-04-01,1.15,0.7777777777777779,0.47777777777777786,0.3555555555555555,0.3722222222222222,,,,,,,,,,,,,,,,
1987-07-01,0.4222222222222224,-0.03333333333333336,0.06111111111111109,0.2222222222222222,0.19444444444444448,,,,,,,,,,,,,,,,
1987-10-01,-0.20833333333333334,-0.3,-0.325,-0.4666666666666666,-0.43333333333333335,,,,,,,,,,,,,,,,
1988-01-01,-0.58,-0.4699999999999999,-0.05999999999999996,4.4408920985006264e-17,0.039999999999999994,,,,,,,,,,,,,,,,
1988-04-01,-0.8857142857142856,0.00714285714285715,0.22857142857142865,0.25000000000000006,0.20714285714285716,,,,,,,,,,,,,,,,
1988-07-01,0.2846153846153846,0.32307692307692304,0.4615384615384617,0.2846153846153846,0.3153846153846154,,,,,,,,,,,,,,,,
1988-10-01,0.2818181818181817,-0.0727272727272728,-0.08181818181818185,-0.09999999999999996,-0.10000000000000005,,,,,,,,,,,,,,,,
1989-01-01,-0.6600000000000001,-0.32,-0.13999999999999996,-0.040000000000000126,-0.039999999999999855,,,,,,,,,,,,,,,,
1989-04-01,0.5900000000000001,0.9400000000000002,0.19000000000000022,0.1,-0.10000000000000009,,,,,,,,,,,,,,,,
1989-07-01,0.11111111111111122,-1.4444444444444446,-1.2000000000000002,-1.088888888888889,-0.9777777777777779,,,,,,,,,,,,,,,,
1989-10-01,-1.3181818181818183,-0.3454545454545454,-0.30000000000000004,-0.24545454545454548,-0.29090909090909084,,,,,,,,,,,,,,,,
1990-01-01,-0.175,0.55,0.125,0.13749999999999996,0.26250000000000007,,,,,,,,,,,,,,,,
1990-04-01,1.7233333333333334,-0.7849999999999998,-0.3066666666666666,-0.07666666666666666,0.20166666666666658,,,,,,,,,,,,,,,,
1990-07-01,-0.30000000000000016,1.2828571428571425,0.5328571428571428,0.6157142857142857,-0.4128571428571428,,,,,,,,,,,,,,,,
1990-10-01,0.8400000000000001,3.2310000000000003,0.889,0.3980000000000001,0.1609999999999998,,,,,,,,,,,,,,,,
1991-01-01,-0.8547368421052627,-1.5410526315789475,-0.826315789473684,-0.2526315789473685,-0.14421052631578943,,,,,,,,,,,,,,,,
1991-04-01,-0.3203846153846154,-0.24115384615384616,0.026153846153846142,0.039230769230769215,0.09423076923076924,,,,,,,,,,,,,,,,
1991-07-01,-0.6315999999999999,-0.3767999999999999,-0.11599999999999994,-0.06519999999999998,-0.040399999999999894,,,,,,,,,,,,,,,,
1991-10-01,-0.2973333333333333,-0.3276666666666666,-0.4003333333333334,-0.2733333333333334,-0.18766666666666662,3.897638888888889,3.88953125,,4.0,3.5,4.5,3.897638888888889,3.88953125,4.0,,,0.7055407838834024,0.20775298616059648,0.29445921611659764,,
1992-01-01,-0.06562499999999982,-0.44843750000000004,-0.37031250000000004,-0.31562499999999993,-0.22812500000000008,3.783333333333333,3.703125,-0.11430555555555566,3.7,3.475,4.0,3.783333333333333,3.703125,3.7,-0.18015625000000002,-0.19999999999999996,0.7200135055288259,0.20159405738491729,0.2799864944711741,-0.013633789716789108,-0.00401459503270425
1992-04-01,0.2888888888888888,0.05185185185185185,-0.11851851851851851,0.003703703703703674,0.13333333333333333,4.019444444444444,3.95,0.23611111111111072,3.9,3.5,4.5,4.019444444444444,3.95,3.9,0.17741935483870971,0.10000000000000009,0.6901184547424103,0.2138549731663581,0.3098815452575897,0.05823828324453165,0.01630593276965573
1992-07-01,-0.4038461538461541,-0.2546153846153846,-0.32499999999999996,-0.4126923076923076,-0.5476923076923076,3.764705882352941,3.716666666666667,-0.2547385620915028,3.75,3.25,4.0,3.764705882352941,3.716666666666667,3.75,-0.23214285714285715,-0.20000000000000018,0.7223720078054012,0.20055069014459456,0.27762799219459877,-0.0863645083941062,-0.026762767316577705
1992-10-01,-0.42812499999999987,-0.06562499999999999,-0.06250000000000004,-0.065625,-0.04062499999999998,3.644117647058824,3.6166666666666667,-0.12058823529411722,3.6,3.0,4.0,3.644117647058824,3.6166666666666667,3.6,-0.08275862068965519,0.0,0.7376402067537574,0.19352713213403144,0.2623597932462426,-0.08586076421815451,-0.023837351578180087
1993-01-01,-0.21785714285714297,-0.2035714285714286,-0.20714285714285716,-0.10357142857142847,-0.19285714285714278,3.551612903225806,3.5185185185185186,-0.09250474383301777,3.5,3.0,4.0,3.551612903225806,3.5185185185185186,3.5,-0.05384615384615381,0.0,0.7493526331696878,0.1878232643313431,0.2506473668303122,-0.04216126807205687,-0.011061421574384249
1993-04-01,0.8818181818181816,0.1454545454545456,-0.031818181818181863,0.05909090909090904,0.09045454545454552,3.8757575757575755,3.7275862068965515,0.3241446725317694,3.7,3.4,4.0,3.8757575757575755,3.7275862068965515,3.7,0.29130434782608694,0.09999999999999964,0.7083112717450526,0.20660641406395885,0.2916887282549474,0.1656259694558207,0.04151371312281917
1993-07-01,-1.045833333333333,-0.6108333333333335,-0.036666666666666625,-0.16750000000000007,-0.1695833333333334,3.3344117647058824,3.3073333333333332,-0.5413458110516931,3.45,3.0,3.5,3.3344117647058824,3.3073333333333332,3.45,-0.3011538461538461,-0.2999999999999998,0.776853410394292,0.17335218915304973,0.223146589605708,-0.21607587470855688,-0.06302689710031431
1993-10-01,-1.3350000000000002,-0.23124999999999996,-0.1620833333333332,-0.32958333333333334,-0.37625000000000003,3.55625,3.439285714285714,0.2218382352941175,3.45,3.0,3.8,3.55625,3.439285714285714,3.45,0.00519999999999996,0.0,0.7487655102557609,0.18811572090719092,0.2512344897442391,-0.23142517251932143,-0.05164173799659919
1994-01-01,-0.15318181818181825,-0.13818181818181824,-0.06681818181818179,0.09090909090909093,0.019090909090909117,3.338461538461538,3.345833333333333,-0.21778846153846176,3.45,3.1,3.5,3.338461538461538,3.345833333333333,3.45,-0.004545454545454509,0.0,0.7763406509924616,0.1736358446090625,0.22365934900753837,-0.028815908157146988,-0.0072395499823776814
1994-04-01,-0.8179999999999998,0.21,0.13200000000000003,0.23200000000000004,0.16599999999999998,3.456666666666666,3.4269230769230767,0.11820512820512796,3.5,3.05,3.6750000000000003,3.456666666666666,3.4269230769230767,3.5,-0.009090909090909078,0.0,0.7613741875580317,0.1816835340783789,0.23862581244196834,-0.1420341208902131,-0.03176725901516307
1994-07-01,-0.36250000000000027,0.016666666666666653,-0.02708333333333331,-0.08541666666666665,-0.11666666666666675,3.4038461538461537,3.375,-0.052820512820512366,3.5,3.0,3.775,3.4038461538461537,3.375,3.5,-0.10999999999999999,-0.04999999999999982,0.7680620215439158,0.17814275260578924,0.23193797845608422,-0.0658602811034124,-0.0157159630859582
1994-10-01,0.39500000000000013,-0.13000000000000003,0.04999999999999995,0.039999999999999994,-4.4408920985006264e-17,3.488461538461538,3.454166666666666,0.08461538461538431,3.5,3.05,3.775,3.488461538461538,3.454166666666666,3.5,0.05294117647058823,0.0,0.7573485010810918,0.18377174899131532,0.24265149891890825,0.07036638727928678,0.016320637616815695
1995-01-01,-0.9894736842105265,-0.23157894736842108,-0.16315789473684209,-0.04473684210526314,0.007894736842105189,3.3642857142857143,3.329166666666667,-0.12417582417582373,3.3,3.0,3.5,3.3642857142857143,3.329166666666667,3.3,-0.07000000000000002,0.0,0.7730709402018595,0.17543226161727246,0.2269290597981405,-0.1818373095282489,-0.04412309571641107
1995-04-01,-0.13636363636363627,0.08227272727272728,0.029999999999999926,-0.02772727272727268,0.05227272727272725,3.364444444444444,3.3564102564102565,0.0001587301587298029,3.35,3.0,3.7,3.364444444444444,3.3564102564102565,3.35,-0.0023809523809523512,0.0,0.7730508426887257,0.17544323730697678,0.2269491573112743,-0.023922581129628046,-0.0054287288436912304
1995-07-01,-0.08756097560975618,-0.531951219512195,-0.2985365853658537,-0.2902439024390244,-0.2804878048780488,3.21595744680851,3.2060975609756093,-0.14848699763593398,3.2,3.0,3.5,3.21595744680851,3.2060975609756093,3.2,-0.16714285714285712,0.0,0.7918514248153318,0.16482274583326076,0.20814857518466823,-0.01536198102273286,-0.00348638864774101
1995-10-01,-0.9076923076923078,-0.623076923076923,-0.3641025641025641,-0.4025641025641024,-0.3771794871794872,3.025,3.0166666666666666,-0.19095744680851023,3.0,2.7125000000000004,3.2,3.025,3.0166666666666666,3.0,-0.1676470588235294,-0.02499999999999991,0.8160293745251962,0.15012543443721327,0.1839706254748038,-0.14960833852557517,-0.03114076249984398
1996-01-01,-0.6448275862068965,-0.08862068965517249,-0.2110344827586207,-0.16241379310344825,-0.2003448275862068,2.9994736842105265,2.97,-0.025526315789473397,3.0,2.7,3.1500000000000004,2.9994736842105265,2.97,3.0,-0.07322580645161293,0.0,0.8192613719662539,0.14807217637022524,0.18073862803374607,-0.09680502151640993,-0.017809280357475775
1996-04-01,0.3373076923076926,0.7834615384615385,0.04269230769230769,-0.03423076923076921,0.09846153846153839,3.0513513513513515,3.0424242424242425,0.05187766714082498,3.0,2.8,3.3,3.0513513513513515,3.0424242424242425,3.0,0.11857142857142856,0.0,0.8126929157569825,0.15222314043539661,0.18730708424301745,0.04994588410641832,0.009027150569326532
1996-07-01,0.28064516129032246,-0.07096774193548387,0.11290322580645155,0.19677419354838704,0.1483870967741935,3.0337500000000004,3.0161764705882357,-0.017601351351351102,3.0,2.8,3.3125,3.0337500000000004,3.0161764705882357,3.0,-0.09107142857142855,0.0,0.8149214991136996,0.1508244493959801,0.1850785008863004,0.04272068779961129,0.00800188746860144
1996-10-01,-0.407586206896552,-0.043448275862068945,-0.07310344827586207,-0.17724137931034478,-0.2072413793103448,2.9953125000000003,2.9696428571428575,-0.038437500000000124,3.0,2.6750000000000003,3.2125000000000004,2.9953125000000003,2.9696428571428575,3.0,-0.07884615384615384,0.0,0.8197882375284882,0.14773548313842322,0.18021176247151183,-0.061473965236568485,-0.011377509329520641
1997-01-01,0.35925925925925944,-0.09259259259259264,-0.13333333333333333,-0.018518518518518486,0.003703703703703773,2.9325,2.9178125,-0.06281250000000016,3.0,2.5,3.2625,2.9325,2.9178125,3.0,-0.08444444444444447,0.0,0.8277412003038744,0.14258570562337566,0.17225879969612556,0.05307534023861874,0.009564800608176634
1997-04-01,-0.588888888888889,-0.5014814814814815,-0.12333333333333334,-0.05888888888888895,-0.07111111111111114,2.886111111111111,2.875,-0.046388888888889035,2.8499999999999996,2.5,3.2,2.886111111111111,2.875,2.8499999999999996,-0.0506666666666667,0.0,0.8336146985172055,0.13870123293327408,0.1663853014827945,-0.08396713775598791,-0.014464078363765703
1997-07-01,-1.408965517241379,-0.7186206896551725,-0.2686206896551724,-0.36689655172413793,-0.19620689655172405,2.8878787878787877,2.8810344827586207,0.0017676767676766403,3.0,2.5,3.1,2.8878787878787877,2.8810344827586207,3.0,-0.08333333333333333,0.0,0.8333908853027617,0.13885051759704078,0.16660911469723827,-0.19542525440184752,-0.03251588987100321
1997-10-01,-0.18321428571428575,-0.2553571428571429,-0.1682142857142857,-0.24607142857142858,-0.15357142857142864,2.708333333333333,2.703125,-0.17954545454545467,2.6500000000000004,2.5,3.0,2.708333333333333,2.703125,2.6500000000000004,-0.09814814814814812,0.0,0.8561239132269773,0.12317575842790432,0.14387608677302266,-0.02543939840260069,-0.0042384356462876385
1998-01-01,-0.37999999999999984,-0.8076923076923077,-0.5746153846153845,-0.4946153846153847,-0.38384615384615384,2.6177419354838714,2.6074074074074076,-0.09059139784946169,2.6,2.3,3.0,2.6177419354838714,2.6074074074074076,2.6,-0.10178571428571428,0.0,0.8675940826178943,0.11487459042430871,0.13240591738210572,-0.04680678820260362,-0.006734377521004292
1998-04-01,-1.2294444444444446,-0.461111111111111,0.024444444444444394,0.061111111111111054,-0.044444444444444446,2.435185185185185,2.443478260869565,-0.18255675029868623,2.5,2.1500000000000004,2.5,2.435185185185185,2.443478260869565,2.5,-0.07500000000000004,0.0,0.8907083837445955,0.09734695887168592,0.10929161625540451,-0.14123192700499734,-0.018699942858739264
1998-07-01,0.41571428571428576,-0.16142857142857142,0.09952380952380951,0.03428571428571431,0.029999999999999985,2.5900000000000003,2.5846153846153848,0.15481481481481518,2.5,2.4,2.8,2.5900000000000003,2.5846153846153848,2.5,0.06842105263157892,0.0,0.8711066092681692,0.1122798845574824,0.12889339073183081,0.04046852147380086,0.00442287011933824
1998-10-01,-0.2736363636363635,-0.365909090909091,-0.32772727272727287,-0.2813636363636363,-0.24681818181818171,2.5300000000000002,2.503846153846154,-0.06000000000000005,2.5,2.2125000000000004,2.875,2.5300000000000002,2.503846153846154,2.5,-0.1166666666666667,-0.09999999999999964,0.8787034692327171,0.10658368239110447,0.12129653076728286,-0.03072385931982017,-0.0039601024040993825
1999-01-01,-0.03782608695652182,-0.17391304347826086,-0.1652173913043478,-0.056521739130434755,-0.026086956521739164,2.379032258064516,2.3425925925925926,-0.15096774193548423,2.3,2.0,2.5,2.379032258064516,2.3425925925925926,2.3,-0.1386363636363636,-0.050000000000000044,0.8978181491435153,0.0917407202120278,0.10218185085648468,-0.004031643638272221,-0.0004890243866124067
1999-04-01,-0.4247619047619048,0.8666666666666666,0.041904761904761875,-0.03333333333333329,-0.06190476190476195,2.4338235294117645,2.435,0.05479127134724848,2.5,2.2,2.575,2.4338235294117645,2.435,2.5,0.023809523809523808,0.0,0.890880788881772,0.09721220888316356,0.10911921111822798,-0.038967963061489905,-0.0039818185897301656
1999-07-01,0.9546428571428571,0.12571428571428575,0.1267857142857143,0.12142857142857141,0.1214285714285714,2.5042857142857144,2.5016129032258068,0.07046218487394995,2.5,2.3,2.6,2.5042857142857144,2.5016129032258068,2.5,0.08518518518518521,0.0,0.8819592663603806,0.10410711884143985,0.11804073363961942,0.0928029408373915,0.010126583693627744
1999-10-01,0.30250000000000005,0.14142857142857143,0.0632142857142857,0.006785714285714299,0.02000000000000001,2.405,2.3970588235294117,-0.09928571428571464,2.5,2.2,2.5,2.405,2.3970588235294117,2.5,-0.05185185185185185,0.0,0.8945302608255256,0.09434587329294278,0.10546973917447444,0.03149240344953556,0.0037173864072580585
2000-01-01,0.31249999999999994,0.13958333333333336,0.18541666666666665,0.11041666666666666,0.002083333333333326,2.505882352941176,2.5,0.1008823529411762,2.5,2.3499999999999996,2.6,2.505882352941176,2.5,2.5,0.017857142857142825,0.0,0.8817571090223885,0.10426150971086821,0.11824289097761154,0.029483085404044613,0.00310957332762334
2000-04-01,1.4125,0.9450000000000001,0.16499999999999998,0.1625,0.36000000000000004,2.676666666666667,2.623076923076923,0.1707843137254912,2.5,2.5,2.8,2.676666666666667,2.623076923076923,2.5,0.09130434782608696,0.0,0.8601333670971553,0.1203039579032656,0.13986663290284473,0.14726938246660137,0.017413557535338523
2000-07-01,0.3033333333333334,0.38238095238095243,0.1776190476190476,0.026190476190476215,-0.1547619047619047,2.5306451612903222,2.505555555555556,-0.14602150537634495,2.5,2.2,2.725,2.5306451612903222,2.505555555555556,2.5,0.02173913043478263,0.0,0.8786217825664318,0.10664554576621768,0.12137821743356825,0.03649220056399057,0.005104041220100653
2000-10-01,0.22916666666666674,0.325,0.07083333333333332,0.03333333333333332,-0.008333333333333312,2.581818181818182,2.5689655172413794,0.05117302052785977,2.5,2.3,2.8,2.581818181818182,2.5689655172413794,2.5,0.04629629629629628,0.0,0.8721425447178802,0.11150992641090052,0.12785745528211978,0.02443960423809156,0.0029664355972014336
2001-01-01,-0.43999999999999984,-0.228,-0.20799999999999996,-0.10400000000000002,-1.7763568394002505e-17,2.525,2.5216666666666665,-0.0568181818181821,2.5,2.3249999999999997,2.7375,2.525,2.5216666666666665,2.5,-0.03214285714285712,0.0,0.8793365408964294,0.10610378874073152,0.12066345910357057,-0.04906436762079621,-0.006273245189021438
2001-04-01,1.6576923076923076,0.5384615384615384,5.124106267500723e-17,-0.0846153846153846,0.02307692307692308,2.6120689655172415,2.59,0.08706896551724164,2.5,2.5,2.75,2.6120689655172415,2.59,2.5,0.10185185185185185,0.0,0.868312361924887,0.11434600405331102,0.13168763807511297,0.17588743441252033,0.0212231862490671
2001-07-01,0.22083333333333344,-0.25000000000000017,0.041666666666666664,-0.01250000000000002,0.15833333333333335,2.5766666666666667,2.576923076923077,-0.03540229885057489,2.5,2.5,2.8,2.5766666666666667,2.576923076923077,2.5,-0.0454545454545455,0.0,0.8727948003714021,0.11102403681604645,0.1272051996285979,0.02525140922843953,0.0033252984393613125
2001-10-01,-1.5739130434782609,-1.0391304347826082,-0.6173913043478262,-0.6304347826086958,-0.47391304347826096,2.5203846153846152,2.53875,-0.05628205128205144,2.55,2.4,2.8,2.5203846153846152,2.53875,2.55,-0.07499999999999998,0.0,0.8799209147398562,0.1056600985432309,0.12007908526014377,-0.17474217968438616,-0.022228113850288663
2002-01-01,-1.9,-0.6095238095238095,0.04047619047619054,0.023809523809523808,0.03809523809523802,2.589393939393939,2.5810344827586205,0.06900932400932369,2.5,2.35,2.8,2.589393939393939,2.5810344827586205,2.5,0.02894736842105267,0.0,0.8711833452274071,0.11222292422579148,0.12881665477259285,-0.2007541872321387,-0.024106379164978847
2002-04-01,-0.0009333333333333934,0.9533333333333331,0.05003333333333336,-0.11429999999999992,0.00936666666666667,2.5455882352941175,2.5283333333333338,-0.04380570409982143,2.5,2.4,2.7375,2.5455882352941175,2.5283333333333338,2.5,-0.0285714285714286,0.0,0.87672977522232,0.10807467646094025,0.12327022477768002,-0.00010474139594407879,-1.3492436241727855e-05
2002-07-01,0.3826206896551724,-0.04800000000000003,-0.07334482758620692,-0.12655172413793106,-0.13503448275862068,2.54375,2.5375,-0.0018382352941173075,2.5,2.4,2.7,2.54375,2.5375,2.5,-0.02166666666666665,0.0,0.8769625221575083,0.1078992568886501,0.12303747784249175,0.04135160724174458,0.0050974219196081956
2002-10-01,-0.3346153846153848,-2.5620531337503614e-17,-0.14807692307692305,-0.24846153846153843,-0.1538461538461538,2.3857142857142857,2.3645833333333335,-0.1580357142857145,2.45,2.075,2.525,2.3857142857142857,2.3645833333333335,2.45,-0.08750000000000001,0.0,0.896972108671273,0.09241314493708304,0.10302789132872703,-0.036104751343509864,-0.004442237543435769
2003-01-01,0.21785714285714278,0.3082142857142859,-0.1557142857142857,-0.2696428571428572,0.07107142857142858,2.473529411764706,2.4783333333333335,0.0878151260504203,2.5,2.3,2.6375,2.473529411764706,2.4783333333333335,2.5,0.11363636363636362,0.0,0.8858534550817034,0.10111711120151187,0.11414654491829657,0.02013286371843594,0.002074246495319089
2003-04-01,1.476551724137931,-0.17862068965517242,-0.31206896551724134,-0.2789655172413793,-0.15068965517241378,2.463636363636364,2.45,-0.00989304812834213,2.5,2.2,2.7,2.463636363636364,2.45,2.5,-0.024074074074074053,0.0,0.8871060567692627,0.10014890081255237,0.11289394323073731,0.14930464488443923,0.01704260935381196
2003-07-01,-1.418181818181818,-0.1922727272727273,-0.45500000000000007,-0.2513636363636364,-0.2640909090909091,2.459259259259259,2.4630434782608694,-0.004377104377105034,2.5,2.275,2.6500000000000004,2.459259259259259,2.4630434782608694,2.5,0.013636363636363608,0.0,0.8876602609193139,0.09971952210396944,0.11233973908068606,-0.14202935024325608,-0.01603425340346066
2003-10-01,0.6818181818181815,0.40454545454545454,-0.018181818181818167,0.03636363636363637,0.09090909090909088,2.4574193548387098,2.4566666666666666,-0.0018399044205490434,2.5,2.2,2.7,2.4574193548387098,2.4566666666666666,2.5,0.10238095238095238,0.0,0.8878932191898317,0.0995388505065492,0.11210678081016834,0.0679905832527064,0.007638044382552701
2004-01-01,-1.1173913043478263,0.06521739130434781,-0.30434782608695654,-0.3782608695652174,-0.14347826086956522,2.42037037037037,2.4391304347826086,-0.03704898446833971,2.5,2.175,2.775,2.42037037037037,2.4391304347826086,2.5,-0.00869565217391309,0.0,0.8925841516370765,0.09587768388339693,0.1074158483629235,-0.11122384600079631,-0.01246894732447519
2004-04-01,1.8032727272727271,1.3265,0.6114090909090909,0.40768181818181826,0.3046818181818183,2.5063999999999997,2.513478260869565,0.08602962962962968,2.5,2.3,2.75,2.5063999999999997,2.513478260869565,2.5,0.06388888888888895,0.0,0.8816915674854394,0.10431154731050825,0.11830843251456058,0.17289361250100557,0.01857151406332607
2004-07-01,1.7207727272727276,1.0719999999999998,0.19409090909090912,0.14549999999999993,0.060727272727272734,2.513,2.5283333333333333,0.006600000000000161,2.5,2.3,2.8,2.513,2.5283333333333333,2.5,-0.019444444444444473,0.0,0.8808559128893391,0.10494877361722817,0.11914408711066093,0.17949646575154143,0.021235945504968375
2004-10-01,-1.2782000000000002,0.008599999999999941,-0.11012000000000004,-0.18888000000000013,-0.27279999999999993,2.5004,2.511304347826087,-0.012599999999999945,2.5,2.4,2.5,2.5004,2.511304347826087,2.5,0.005882352941176502,0.0,0.8824512534818941,0.10373103871012797,0.11754874651810587,-0.13414552243754108,-0.015982645810803515
2005-01-01,0.8591428571428569,-0.027821428571428535,0.04125000000000005,0.03917857142857144,0.057535714285714294,2.494545454545455,2.4541379310344826,-0.0058545454545448905,2.45,2.3,2.5,2.494545454545455,2.4541379310344826,2.45,-0.040869565217391324,0.0,0.8831925228481318,0.10316349043328402,0.11680747715186823,0.08911978097181562,0.01047591854320507
2005-04-01,0.17370370370370367,0.9954074074074076,-0.04588888888888892,0.18207407407407403,0.028740740740740758,2.523111111111111,2.495897435897436,0.028565656565656017,2.5,2.39,2.6,2.523111111111111,2.495897435897436,2.5,0.010000000000000033,0.0,0.8795757013027208,0.10592228698054769,0.12042429869727922,0.017919880375263035,0.002093176017497749
2005-07-01,0.8310256410256411,0.5605641025641026,-0.14820512820512816,0.07138461538461534,-0.018820512820512787,2.700810810810811,2.597878787878788,0.1776996996997,2.5,2.4,2.7,2.700810810810811,2.597878787878788,2.5,0.017500000000000022,0.0,0.8570763723967066,0.12249646427600848,0.14292362760329336,0.08802413643691157,0.010600244898848697
2005-10-01,2.316510638297872,1.3429148936170214,0.11317021276595739,-0.08751063829787235,0.06085106382978722,2.532903225806452,2.5285185185185184,-0.1679075850043592,2.5,2.3,2.745,2.532903225806452,2.5285185185185184,2.5,0.023703703703703657,0.0,0.8783358792344326,0.10686196248390885,0.12166412076556743,0.28376436264924887,0.040556632094367134
2006-01-01,-0.5432926829268292,-0.11997560975609753,0.09653658536585369,0.06890243902439029,0.0504878048780488,2.5120408163265306,2.4986046511627906,-0.02086240947992124,2.5,2.3,2.7,2.5120408163265306,2.4986046511627906,2.5,-0.04642857142857142,0.0,0.8809773592901329,0.104856251708317,0.11902264070986712,-0.05805732230070901,-0.007063493071718932
2006-04-01,0.08355952380952394,0.8601452380952381,0.05887619047619039,-0.16166904761904763,0.098447619047619,2.5045875,2.4891714285714284,-0.007453316326530679,2.5,2.275,2.7,2.5045875,2.4891714285714284,2.5,-0.010110344827586227,0.0,0.8819210559635351,0.10413630701169829,0.1180789440364649,0.00876173846119855,0.001042845248861059
2006-07-01,1.741876923076923,0.927366666666667,0.3496948717948719,0.42252820512820516,0.3467051282051282,2.6344458333333334,2.570319047619048,0.1298583333333334,2.5,2.375,2.7625,2.6344458333333334,2.570319047619048,2.5,-0.023735999999999962,0.0,0.8654791297374863,0.11642500572632965,0.1345208702625137,0.18139263003813083,0.021418650210899632
2006-10-01,-0.4566439024390244,-2.3057658536585364,-0.10747317073170731,0.007002439024390247,-0.026978048780487828,2.578913043478261,2.52325,-0.05553278985507237,2.5,2.4,2.6875,2.578913043478261,2.52325,2.5,-0.08299999999999999,0.0,0.8725103768703139,0.11123601912393674,0.12748962312968615,-0.05316476895635693,-0.007151770987314606
2007-01-01,-2.7188694444444446,-0.5017222222222224,-0.011022222222222204,0.043075,-0.08428055555555557,2.4104673913043477,2.3835,-0.16844565217391327,2.3499999999999996,2.2,2.6,2.4104673913043477,2.3835,2.3499999999999996,-0.0313157894736842,0.0,0.8938380107236835,0.09489162130921175,0.10616198927631648,-0.3024362135177095,-0.038557478882142074
2007-04-01,1.4311837837837835,1.3408594594594596,-0.05870270270270267,0.09112162162162167,0.16611621621621628,2.4718367346938774,2.423720930232558,0.06136934338952971,2.4,2.2,2.6,2.4718367346938774,2.423720930232558,2.4,0.020962499999999985,0.0,0.886067772259575,0.10095167522252893,0.113932227740425,0.13580734963469557,0.014417578395563515
2007-07-01,1.8225461538461543,-0.011166666666666695,-0.40081794871794874,-0.00959999999999999,0.25125641025641027,2.4586363636363635,2.4323684210526317,-0.013200371057513927,2.4,2.2,2.7,2.4586363636363635,2.4323684210526317,2.4,0.020789473684210556,0.0,0.887739128432975,0.09965836828203693,0.11226087156702502,0.18398908740114622,0.02096228660754035
2007-10-01,-0.4060297297297299,1.1415594594594594,0.40035135135135125,-0.20094594594594606,-0.2367216216216216,2.4868333333333332,2.437371794871795,0.02819696969696972,2.4,2.2,2.6,2.4868333333333332,2.437371794871795,2.4,-0.016824324324324357,0.0,0.8841689879294337,0.10241418871327465,0.11583101207056634,-0.040464260338861344,-0.0045425531329555775
2008-01-01,1.444902777777777,0.4779777777777778,-0.23782777777777786,0.12191388888888888,0.00798611111111113,2.5225133333333334,2.479823076923077,0.035680000000000156,2.5,2.2,2.75,2.5225133333333334,2.479823076923077,2.5,0.024276315789473705,0.0,0.8796513885371824,0.10586482318178937,0.12034861146281761,0.147978545755668,0.017140504719609633
2008-04-01,1.0268147058823527,0.9333529411764704,0.5313764705882353,0.26827352941176474,0.3192558823529412,2.5784444444444445,2.52,0.055931111111111154,2.5,2.3,2.7,2.5784444444444445,2.52,2.5,0.023054285714285694,0.0,0.8725697082243042,0.1111918125136568,0.12743029177569576,0.10870355727869632,0.013082322179559963
2008-07-01,1.610083333333334,2.031891666666666,0.12943611111111117,-0.04030555555555554,-0.29281666666666667,2.512926829268293,2.4751428571428575,-0.06551761517615162,2.5,2.2,2.7,2.512926829268293,2.4751428571428575,2.5,-0.029411764705882353,0.0,0.8808651773527104,0.10494171668008843,0.11913482264728958,0.17902808413136365,0.022813600996903476
2008-10-01,1.6164972972972969,-5.149197297297297,-1.7551216216216214,-0.4927189189189188,0.002889189189189219,2.5951063829787233,2.5678048780487805,0.0821795537104304,2.5,2.3,2.775,2.5951063829787233,2.5678048780487805,2.5,0.13757575757575755,0.03000000000000025,0.8704600679945905,0.11275933802144336,0.12953993200540947,0.1696380013871016,0.020209793209493013
2009-01-01,-6.871762162162162,-3.1160108108108107,-0.5352324324324325,-0.631254054054054,-0.6604432432432434,2.408648717948718,2.4045714285714284,-0.18645766503000516,2.4,2.0,2.725,2.408648717948718,2.4045714285714284,2.4,-0.13146388888888888,-0.10000000000000009,0.894068280837083,0.09471019003810588,0.10593171916291699,-0.7748553524462077,-0.10037470966990934
2009-04-01,0.2748571428571429,-0.18083142857142862,-0.10479428571428569,-0.2409942857142857,-0.20798285714285716,2.474090909090909,2.431842105263158,0.06544219114219096,2.5,2.0,2.8,2.474090909090909,2.431842105263158,2.5,-0.01220857142857143,0.0,0.8857823614724095,0.10117196957677116,0.11421763852759048,0.02603177223333082,0.002757590385534221
2009-07-01,0.4403379310344829,0.2702275862068966,-0.006013793103448333,0.05044137931034486,-0.0864896551724138,2.55277,2.5016576923076923,0.07867909090909109,2.5,2.1107750000000003,2.8,2.55277,2.5016576923076923,2.5,-0.012746428571428547,0.0,0.8758204608761712,0.1087589811868223,0.12417953912382884,0.04454985576211906,0.005088379321894009
2009-10-01,1.3126080000000002,0.4668,-0.21323200000000006,-0.15234000000000003,-0.2208,2.3511352941176473,2.30762,-0.20163470588235288,2.2626999999999997,1.9207999999999998,2.6750000000000003,2.3511352941176473,2.30762,2.2626999999999997,-0.16989545454545452,-0.09999999999999987,0.9013503046191889,0.08891793298208431,0.09864969538081114,0.14275790877767247,0.017727611318292966
2010-01-01,1.1690685714285713,0.4599857142857144,-0.06285999999999999,-0.07204285714285716,-0.001317142857142877,2.3937055555555555,2.3763843749999998,0.04257026143790821,2.3899999999999997,2.13,2.531075,2.3937055555555555,2.3763843749999998,2.3899999999999997,0.11182666666666667,0.10000000000000009,0.8959602993725556,0.09321544132079614,0.10403970062744439,0.10395116088574675,0.010254750355860608
2010-04-01,-0.3405894736842104,-0.017481578947368414,0.03536315789473688,-0.10670789473684213,-0.08280526315789472,2.4232384615384612,2.3830371428571424,0.0295329059829057,2.4,2.0,2.5860000000000003,2.4232384615384612,2.3830371428571424,2.4,0.019178787878787858,0.0,0.892221010187584,0.0961626791674311,0.10777898981241596,-0.03174819809869135,-0.0033030730256486474
2010-07-01,-2.028703225806452,-0.6100806451612905,-0.23389999999999994,-0.24639032258064508,-0.4997967741935483,2.3340633333333334,2.331611538461538,-0.08917512820512785,2.3,2.0,2.5775,2.3340633333333334,2.331611538461538,2.3,-0.20592962962962963,-0.09000000000000008,0.9035118595425002,0.08717817920855356,0.09648814045749976,-0.19508553742915835,-0.02102612215112695
2010-10-01,0.22967333333333334,0.24793,-0.03996333333333335,0.09076666666666668,-0.2712766666666667,2.3464300000000002,2.285505882352941,0.012366666666666859,2.2,2.0,2.7,2.3464300000000002,2.285505882352941,2.2,0.034455555555555586,0.0,0.9019460622942518,0.08843936300614547,0.09805393770574822,0.02002250301275919,0.001931934083005821
2011-01-01,0.7343757575757579,0.6577666666666667,-0.23361515151515147,-0.05227575757575756,-0.0892242424242424,2.2907166666666665,2.30205625,-0.055713333333333726,2.3,2.0,2.5,2.2907166666666665,2.30205625,2.3,0.014331249999999976,0.0,0.9090001688191104,0.0827188619059392,0.09099983118088961,0.06494772420715554,0.006368380103538545
2011-04-01,2.851748571428572,2.162251428571429,0.2848485714285714,0.05787714285714285,0.26426,2.5739428571428573,2.5021870967741937,0.2832261904761908,2.4,2.1,2.6827,2.5739428571428573,2.5021870967741937,2.4,0.1900758620689655,0.10000000000000009,0.8731396736967768,0.11076678391346292,0.1268603263032232,0.23589339627045947,0.021466259237298505
2011-07-01,0.6761906249999998,-0.340909375,-0.15966562500000003,-0.08433750000000001,-0.02281249999999998,2.5334241379310347,2.44,-0.040518719211822596,2.4,2.2,2.7,2.5334241379310347,2.44,2.4,-0.07465199999999993,0.0,0.878269924293361,0.10691186437509491,0.12173007570663896,0.07489946084368442,0.009501770042565293
2011-10-01,1.6464387096774191,0.02226774193548389,-0.01137741935483868,-0.10664838709677422,-0.03206774193548387,2.4877825,2.4474970588235294,-0.04564163793103493,2.5,2.13,2.7125000000000004,2.4877825,2.4474970588235294,2.5,-0.03203461538461542,0.0,0.8840488098252722,0.10250651167179188,0.11595119017472777,0.1760238320309385,0.021427394399298843
2012-01-01,-1.0905972222222224,-0.1176916666666667,-0.07159444444444446,0.050722222222222196,0.03307777777777778,2.4880189189189186,2.414266666666667,0.0002364189189187904,2.3,2.1,2.7,2.4880189189189186,2.414266666666667,2.3,0.02780588235294119,0.0,0.8840188758016058,0.10252950302807089,0.11598112419839424,-0.11179331688894605,-0.012962568146853789
2012-04-01,0.61334375,0.2449718750000001,-0.11018750000000002,0.05676874999999999,-0.04687187500000002,2.4387909090909092,2.437596551724138,-0.049228009828009345,2.48,2.2,2.7,2.4387909090909092,2.437596551724138,2.48,0.020109677419354887,0.0,0.8902518474182186,0.09770349558666742,0.10974815258178139,0.06288582987287335,0.007293569244804814
2012-07-01,-1.269011764705882,-0.5058147058823528,-0.0596264705882353,-0.16784999999999997,-0.14828235294117645,2.4479925000000002,2.4140558823529417,0.009201590909091006,2.3499999999999996,2.1,2.7,2.4479925000000002,2.4140558823529417,2.3499999999999996,-0.020335483870967758,0.0,0.889086794125095,0.09861146663745599,0.11091320587490505,-0.1239868853523702,-0.01360733161179176
2012-10-01,0.48962121212121196,0.08325151515151512,-0.11961515151515152,0.004881818181818186,-0.07694545454545453,2.34004705882353,2.350123333333334,-0.10794544117647042,2.3,2.2,2.6,2.34004705882353,2.350123333333334,2.3,-0.05348709677419358,0.0,0.902754234132245,0.0877890268885488,0.09724576586775502,0.048282265824081655,0.005355140889453261
2013-01-01,-0.28496470588235295,-0.2664029411764706,-0.1507441176470588,-0.05847352941176472,-0.12170588235294118,2.326164102564103,2.3243,-0.013882956259426926,2.3,2.075,2.55,2.326164102564103,2.3243,2.3,-0.008039999999999995,0.0,0.9045120153755251,0.08637002941683097,0.09548798462447494,-0.025016774226993284,-0.002432775369244677
2013-04-01,-0.31401052631578963,-0.8479263157894738,-0.02172631578947373,-0.21905526315789467,-0.0934447368421053,2.276742105263158,2.286311764705882,-0.0494219973009451,2.3,2.0,2.571175,2.276742105263158,2.286311764705882,2.3,-0.0640055555555556,-0.029649999999999954,0.9107695485865842,0.08126837795397383,0.08923045141341579,-0.027121098395089326,-0.0025897390265491615
2013-07-01,-1.2269793103448274,0.11033793103448286,-0.30231379310344825,-0.28037586206896553,-0.2611310344827586,2.215988235294118,2.2347866666666665,-0.060753869969039975,2.205,2.0,2.5,2.215988235294118,2.2347866666666665,2.205,-0.026710344827586212,0.0,0.9184618592942368,0.07488967231601032,0.08153814070576315,-0.09971461833480959,-0.008897580406531526
2013-10-01,0.588907142857143,-0.0423607142857143,0.02500000000000006,0.0786964285714286,0.09461785714285711,2.219492105263158,2.2392029411764707,0.0035038699690401742,2.3,2.0,2.5,2.219492105263158,2.2392029411764707,2.3,-0.03226296296296298,0.0,0.9180182191360904,0.07526076847029152,0.08198178086390961,0.04410306295312932,0.0035960817526273885
2014-01-01,-0.7289694444444446,0.04127222222222219,-0.3126527777777778,-0.06606111111111107,-0.2452999999999999,2.2944225000000005,2.305029411764706,0.07493039473684249,2.3,2.075,2.5,2.2944225000000005,2.305029411764706,2.3,0.037268571428571456,0.0,0.9085309572043555,0.08310245700569305,0.0914690427956445,-0.05486280058025038,-0.00449775009475046
2014-04-01,0.1212714285714285,0.3024171428571429,-0.17314571428571424,0.007802857142857127,-0.11634285714285716,2.276684210526316,2.273941176470588,-0.01773828947368461,2.25,2.025,2.5,2.276684210526316,2.273941176470588,2.25,0.006774285714285729,0.0,0.9107768788900588,0.081262355769342,0.08922312110994124,0.010077953678876112,0.000921820776345642
2014-07-01,1.0389911764705881,0.2718970588235294,0.20697941176470588,0.2158794117647059,0.21422352941176476,2.274346153846154,2.2752057142857143,-0.0023380566801618485,2.2,2.0,2.5,2.274346153846154,2.2752057142857143,2.2,0.019177142857142872,0.0,0.9110729103765315,0.08101906235456811,0.08892708962346851,0.08443087062356013,0.007533185795063685
2014-10-01,-1.0341324324324324,-1.1615621621621617,-0.3893513513513514,-0.11709999999999998,-0.10287837837837838,2.1880555555555556,2.1881250000000003,-0.08629059829059837,2.2,1.9975,2.4,2.1880555555555556,2.1881250000000003,2.2,-0.08175000000000002,-0.03400000000000014,0.9219985369010438,0.07191723485337835,0.07800146309895617,-0.08378444002612444,-0.007450706407255291
2015-01-01,-2.005317647058823,-3.138185294117647,-0.42890882352941184,-0.06285294117647058,0.13554999999999992,2.1433424242424244,2.1424241379310343,-0.04471313131313126,2.1,2.0,2.3,2.1433424242424244,2.1424241379310343,2.1,-0.009989655172413795,0.0,0.9276598601870822,0.06710704398476527,0.07234013981291776,-0.14421690017915348,-0.011249129217570085
2015-04-01,-1.3471187500000001,0.05974999999999999,-0.06128124999999999,-0.2081125,-0.28710625000000006,2.181534210526316,2.1613176470588233,0.03819178628389164,2.135,2.0,2.3,2.181534210526316,2.1613176470588233,2.135,-0.03685714285714283,0.0,0.9228242326505045,0.07121966828351203,0.0771757673494955,-0.09040115720895202,-0.006539632351745147
2015-07-01,1.3158333333333332,-0.1820388888888889,-0.13741944444444446,0.04109166666666667,-0.040416666666666684,2.2392777777777777,2.2157500000000003,0.05774356725146168,2.1500000000000004,2.0,2.5,2.2392777777777777,2.2157500000000003,2.1500000000000004,0.08995625000000002,0.0,0.9155130694127909,0.07734888914716123,0.08448693058720913,0.09371321351638791,0.00723238916391435
2015-10-01,-0.18976285714285704,-0.8388171428571427,-0.06715999999999998,-0.09344857142857146,0.10554285714285716,2.1845514285714285,2.1527677419354836,-0.05472634920634922,2.15,1.9565000000000001,2.3,2.1845514285714285,2.1527677419354836,2.15,-0.03427419354838709,0.0,0.9224422096009841,0.07154257954743821,0.07755779039901589,-0.014677946201391442,-0.0012400946218797488
2016-01-01,-0.6478428571428573,-1.4571085714285716,-0.3212542857142857,-0.08379999999999999,-0.08704857142857145,2.212157142857143,2.1979193548387097,0.027605714285714456,2.12,2.0,2.4,2.212157142857143,2.1979193548387097,2.12,0.02675624999999999,0.010000000000000009,0.9189469305068192,0.07448346941891441,0.08105306949318081,-0.04634834914138252,-0.0035946755480477537
2016-04-01,-0.5921514285714286,0.22818,-0.09563999999999995,0.002342857142857183,-0.002919999999999983,2.2369285714285714,2.2194354838709676,0.024771428571428444,2.2,2.03315,2.4,2.2369285714285714,2.2194354838709676,2.2,-0.011709677419354816,0.0,0.9158105126071701,0.07710161760536247,0.08418948739282994,-0.04410549282136648,-0.0035748855746812044
2016-07-01,0.6329352941176469,-0.18935294117647058,-0.020141176470588197,0.08657058823529415,0.011988235294117626,2.207176470588235,2.184613333333333,-0.029752100840336304,2.1500000000000004,2.0,2.4,2.207176470588235,2.184613333333333,2.1500000000000004,-0.04326666666666668,0.0,0.9195775550027557,0.07395467533790949,0.08042244499724427,0.048800335015996434,0.004108475189595109
2016-10-01,-0.22747714285714288,0.3068714285714286,0.04252285714285712,0.06582571428571432,0.1285171428571429,2.233238235294118,2.223,0.02606176470588295,2.2161,2.0,2.393675,2.233238235294118,2.223,2.2161,0.058432258064516115,0.0,0.9162777620544291,0.07671282481895608,0.08372223794557088,-0.016822998246795257,-0.0013529466511916282
2017-01-01,0.9629702702702703,0.4524081081081081,0.002208108108108087,0.03617567567567567,0.14666486486486488,2.4190451612903225,2.3514962962962964,0.18580692599620452,2.3,2.1550000000000002,2.5,2.4190451612903225,2.3514962962962964,2.3,0.10654666666666669,0.01265000000000005,0.892751942100491,0.09574591197629255,0.10724805789950898,0.07387216964910603,0.0061847433649180345
2017-04-01,0.5099272727272729,-0.5752242424242425,-0.13828181818181817,-0.07612121212121213,-0.06910909090909093,2.3387451612903223,2.303744444444444,-0.08030000000000026,2.3,2.1,2.41735,2.3387451612903223,2.303744444444444,2.3,-0.03191111111111112,0.0,0.902919073019711,0.08765622059693681,0.09708092698028903,0.04882345176885639,0.005236220382160194
2017-07-01,-1.8690448275862066,-0.5818413793103449,-0.08766896551724138,-0.022968965517241324,-0.13441724137931038,2.2654939393939393,2.256068965517241,-0.073251221896383,2.25,2.1,2.4,2.2654939393939393,2.256068965517241,2.25,-0.0865222222222222,-0.07000000000000028,0.9121937276026919,0.08009633092499782,0.0878062723973081,-0.16383340571246024,-0.01590509889690342
2017-10-01,0.289603125,0.3541406250000001,-0.10911875000000003,-0.160490625,-0.05078750000000005,2.2042470588235297,2.19378,-0.06124688057040961,2.2,2.0125,2.3,2.2042470588235297,2.19378,2.2,-0.04722999999999997,0.0,0.9199484605186719,0.0736432905079975,0.08005153948132815,0.02319614773691351,0.0020367672667556294
2018-01-01,1.1149515151515155,0.4702666666666666,-0.1362727272727273,0.08683939393939392,0.06769090909090911,2.286874193548387,2.2478925925925926,0.0826271347248575,2.25,2.075,2.4,2.286874193548387,2.2478925925925926,2.25,0.08550689655172407,0.04999999999999982,0.9094866809890622,0.08232065809256205,0.09051331901093784,0.08210869833263504,0.0065729277063353965
2018-04-01,0.8212827586206897,0.14762068965517244,0.11056896551724141,0.049665517241379305,0.15546551724137933,2.31765,2.269341666666667,0.03077580645161282,2.3,2.1,2.3745000000000003,2.31765,2.269341666666667,2.3,0.016707407407407417,0.0,0.9055900227905799,0.08549673341273689,0.09440997720942013,0.06760853716972996,0.006119473092706617
2018-07-01,-0.4260962962962963,-0.005937037037037017,0.0256370370370371,-0.06312962962962963,-0.108462962962963,2.26945,2.234873076923077,-0.04820000000000002,2.2,2.1,2.3,2.26945,2.234873076923077,2.2,-0.035659999999999956,0.0,0.9116928336287667,0.0805090107387166,0.08830716637123326,-0.036429841452599,-0.00343934050128266
2018-10-01,-0.33778076923076933,0.0400461538461538,0.047969230769230715,0.05025000000000002,-0.05258846153846157,2.24246,2.242911538461539,-0.02699000000000007,2.21,2.1,2.375,2.24246,2.242911538461539,2.21,-0.05343200000000001,0.0,0.9151101544694861,0.07768355965631941,0.08488984553051393,-0.02719439557733196,-0.0024014600146125835
2019-01-01,-0.9879592592592594,-1.2399111111111112,0.10275555555555559,-0.04604444444444439,-0.1677666666666666,2.2225032258064514,2.196207407407407,-0.019956774193548465,2.2,2.0,2.3,2.2225032258064514,2.196207407407407,2.2,-0.0453375,-0.07804999999999995,0.9176369681176942,0.07557936286146004,0.08236303188230576,-0.07674819205467982,-0.006515142168267987
2019-04-01,-0.35009333333333337,0.46840333333333334,-0.13177333333333333,-0.06827000000000003,-0.15722666666666668,2.200246875,2.1859964285714284,-0.022256350806451497,2.2,2.075,2.3,2.200246875,2.1859964285714284,2.2,-0.004987499999999978,0.0,0.9204549411243353,0.07321764248413169,0.07954505887566465,-0.026459831075378085,-0.00217931191046179
2019-07-01,0.30193333333333333,-0.3288000000000001,-0.05934666666666667,0.00753666666666668,0.07400666666666665,2.2030678571428575,2.1773291666666665,0.002820982142857531,2.2,2.0,2.3,2.2030678571428575,2.1773291666666665,2.2,0.010692307692307685,0.0,0.920097764352639,0.07351786838591458,0.07990223564736099,0.022106846854042163,0.0017584904345600858
2019-10-01,-0.020516666666666614,-0.24291000000000001,0.12820333333333336,0.07623333333333332,0.01796333333333333,2.1650037037037033,2.160434782608695,-0.03806415343915415,2.2,2.0,2.3,2.1650037037037033,2.160434782608695,2.2,-0.06253333333333334,0.0,0.9249172317417442,0.06944534616893283,0.07508276825825577,-0.0015083415997176768,-0.00012051986593735926
2020-01-01,0.7499593749999998,-0.2606531250000001,-0.041565624999999974,0.053034375000000016,0.06729687499999996,2.2323357142857145,2.200225,0.06733201058201121,2.2,2.085,2.3,2.2323357142857145,2.200225,2.2,0.09241200000000001,0.04449999999999976,0.9163920341496944,0.07661767389667974,0.08360796585030561,0.052081188409511495,0.003910399799965908
2020-04-01,-0.7030787878787881,-4.167700000000001,-0.649087878787879,-0.3427393939393939,-0.24976363636363638,2.0979029411764705,2.0989566666666666,-0.13443277310924406,2.135,1.9249999999999998,2.3,2.0979029411764705,2.0989566666666666,2.135,-0.16913703703703706,-0.10000000000000009,0.9334131500156406,0.06215304139351979,0.06658684998435938,-0.05386826129336986,-0.004503815750631406
2020-07-01,-1.4411551724137934,0.27048965517241375,-0.23263793103448274,-0.31403448275862067,-0.22791034482758618,2.0732925925925927,2.0747347826086955,-0.024610348583877784,2.03,1.9,2.25,2.0732925925925927,2.0747347826086955,2.03,0.0016749999999999914,0.0,0.9365291728801479,0.05944228122457393,0.06347082711985208,-0.08957217708551965,-0.005964329118365969
2020-10-01,3.2694680000000007,0.8381119999999999,0.711104,0.4533720000000001,0.4511840000000001,2.1447960000000004,2.143039130434782,0.07150340740740768,2.12,2.0,2.26,2.1447960000000004,2.143039130434782,2.12,0.09215789473684212,0.04259999999999997,0.9274758166624462,0.06726442616877472,0.07252418333755384,0.1943446363107453,0.012335214812949842
2021-01-01,0.008429032258064705,0.3005193548387096,0.235141935483871,-0.018896774193548405,-0.008464516129032243,2.238406896551724,2.2258,0.0936108965517235,2.2,2.1,2.4,2.238406896551724,2.2258,2.2,0.08495000000000005,0.10000000000000009,0.9156233354581257,0.07725724302266232,0.08437666454187431,0.0005669740179968138,4.1119327628830475e-05
2021-04-01,1.3343874999999998,1.3785031250000002,0.485159375,0.22184374999999995,0.23101875000000005,2.353214285714286,2.31625,0.11480738916256206,2.3,2.2,2.5,2.353214285714286,2.31625,2.3,0.12216153846153843,0.0827500000000001,0.9010870744854033,0.08912915868074058,0.09891292551459674,0.1030910993739028,0.008698483109124825
2021-07-01,5.091854838709678,2.4009096774193552,0.312067741935484,-0.0007806451612903368,0.11825161290322578,2.4615499999999995,2.450975,0.10833571428571354,2.4367,2.275,2.6,2.4615499999999995,2.450975,2.4367,0.0897461538461538,0.14500000000000002,0.8873702203089391,0.099944312417804,0.11262977969106092,0.45383273789865164,0.04488992379985483
2021-10-01,1.3836031249999992,1.9004218750000001,0.72075,0.26225624999999997,0.09926875,2.5814464285714287,2.5616875,0.11989642857142924,2.55,2.275,2.8,2.5814464285714287,2.5616875,2.55,0.12911923076923076,0.07499999999999973,0.8721896140071628,0.11147489122519919,0.12781038599283723,0.13828326298724983,0.015574813445214986
2022-01-01,3.637554838709677,2.3041193548387096,1.0304161290322582,0.41803870967741935,0.4150774193548387,2.490123076923077,2.4768,-0.09132335164835181,2.49815,2.201725,2.6,2.490123076923077,2.4768,2.49815,-0.13072083333333334,-0.02499999999999991,0.8837524592399245,0.10273405002731008,0.11624754076007549,0.4054960299708582,0.05182660410913848
2022-04-01,3.5639517241379304,3.406086206896551,1.442655172413793,0.8091448275862068,0.5839344827586206,2.7798565217391302,2.742857142857143,0.28973344481605334,2.8,2.55,2.975,2.7798565217391302,2.742857142857143,2.8,0.28440000000000004,0.2999999999999998,0.8470680524513635,0.12954376696761757,0.15293194754863648,0.36613919472250417,0.042562780962365515
2022-07-01,3.3998931034482767,1.6407310344827588,0.7450551724137932,0.5925793103448276,0.37536896551724136,2.887181481481481,2.845821739130435,0.10732495974235068,2.8,2.6500000000000004,3.1,2.887181481481481,2.845821739130435,2.8,0.14623636363636364,0.10000000000000009,0.8334791742869739,0.13879164031687807,0.16652082571302607,0.44043495990791365,0.06735657618722286
2022-10-01,-0.4912833333333332,0.8308533333333332,0.5248500000000001,0.06325666666666666,0.1257366666666667,3.065022222222222,3.024156521739131,0.17784074074074097,2.95,2.8,3.2,3.065022222222222,3.024156521739131,2.95,0.1814833333333333,0.09999999999999964,0.8109619875636589,0.15330264229045884,0.1890380124363411,-0.0681860196936769,-0.011354392301475733
2023-01-01,-2.128763333333333,-1.2106466666666664,-0.4049333333333334,-0.4838633333333334,-0.3385566666666667,2.440182142857143,2.4002916666666665,-0.6248400793650788,2.37,2.2,2.6,2.440182142857143,2.4002916666666665,2.37,-0.6137217391304348,-0.6999999999999997,0.8900756972832181,0.09784095038901118,0.10992430271678189,-0.3263450438110448,-0.061691618450490565
2023-04-01,0.4415032258064515,0.21548064516129034,0.3455806451612902,0.237158064516129,0.15036129032258064,2.405975,2.3919708333333336,-0.03420714285714288,2.3554500000000003,2.2,2.5,2.405975,2.3919708333333336,2.3554500000000003,-0.0020708333333333364,0.0,0.8944068118511016,0.09444326676544974,0.1055931881488984,0.043197095212717425,0.0047484105706484
2023-07-01,-0.7262766666666665,-0.17265,0.028079999999999987,-0.1334666666666667,-0.05256333333333337,2.4168714285714286,2.4134333333333333,0.010896428571428363,2.4,2.2,2.6,2.4168714285714286,2.4134333333333333,2.4,-0.0015173913043478424,0.0,0.8930271678182542,0.09552964535676185,0.1069728321817458,-0.0685919409755216,-0.007242841728926385
2023-10-01,0.5087137931034484,0.21577586206896548,0.10698275862068972,0.0021379310344828064,-0.06594827586206903,2.4318,2.4265,0.014928571428571402,2.4,2.3,2.56,2.4318,2.4265,2.4,0.021481818181818216,0.0,0.8911369967080274,0.09701184980622458,0.10886300329197263,0.048597248243265556,0.005198585280821487
2024-01-01,-0.3644678571428572,-0.14800714285714292,-0.12196785714285717,-0.1043535714285714,-0.1285714285714286,2.2595444444444444,2.258430434782609,-0.1722555555555556,2.24,2.1,2.3899999999999997,2.2595444444444444,2.258430434782609,2.24,-0.1547590909090909,-0.0950000000000002,0.9129470189358769,0.0794747595519725,0.08705298106412307,-0.03535770101633938,-0.0038491455221383378
2024-04-01,1.3000766666666663,1.1639866666666667,0.37854666666666675,0.2472233333333333,0.2236566666666666,2.4125964285714288,2.398029166666667,0.1530519841269844,2.325,2.2375,2.52,2.4125964285714288,2.398029166666667,2.325,0.13529599999999997,0.10000000000000009,0.8935684440907282,0.09510387981600334,0.10643155590927178,0.10332328048246321,0.008994599579322946
2024-07-01,-0.8336892857142858,-0.7112535714285715,-0.20916428571428564,-0.07666428571428564,-0.11062142857142857,2.2898962962962965,2.2941391304347825,-0.12270013227513221,2.3,2.1561500000000002,2.4,2.2898962962962965,2.2941391304347825,2.3,-0.10815217391304349,-0.050000000000000266,0.9091040394661565,0.08263388489247349,0.09089596053384352,-0.0792870856324611,-0.008438647887374503
2024-10-01,-0.8569296296296295,-0.1879222222222222,0.021096296296296252,0.010355555555555607,-0.1066962962962963,2.273942307692308,2.2655208333333334,-0.015953988603988556,2.225,2.1792249999999997,2.3925,2.273942307692308,2.2655208333333334,2.225,-0.03784999999999996,0.0,0.9111240430878313,0.08097702119511499,0.08887595691216865,-0.07081142437576474,-0.006436472435404757
